Hash,File
f42b635d93720d1624c74121b83794d706d4d064bee027650698025703d20532,C:\Users\HP\Downloads\AnyDesk (1).exe
f42b635d93720d1624c74121b83794d706d4d064bee027650698025703d20532,C:\Users\HP\Downloads\AnyDesk.exe
dbee21a7de4c084cbd8b045870e76a325beacd27c97d86c7f3580a6343c3d08b,C:\Users\HP\Downloads\dil say jannat tek book (1).pdf
dbee21a7de4c084cbd8b045870e76a325beacd27c97d86c7f3580a6343c3d08b,C:\Users\HP\Downloads\dil say jannat tek book.pdf
41e7522b808fa2c621bf32d19e74094cb28a6ef5ce6477ef5ac970843b2dfd4a,C:\Users\HP\Downloads\RoboShadowAgent-x64 (1).msi
41e7522b808fa2c621bf32d19e74094cb28a6ef5ce6477ef5ac970843b2dfd4a,C:\Users\HP\Downloads\RoboShadowAgent-x64.msi
8a8923a4e1cd70027e91dec32f001500b91faf22fac85e8690439a320df86057,C:\Users\HP\Downloads\Your Electronic Receipt (1).pdf
8a8923a4e1cd70027e91dec32f001500b91faf22fac85e8690439a320df86057,C:\Users\HP\Downloads\Your Electronic Receipt (2).pdf
8a8923a4e1cd70027e91dec32f001500b91faf22fac85e8690439a320df86057,C:\Users\HP\Downloads\Your Electronic Receipt (4).pdf
ebdaf6f00ffd9c21891d29360196e13a14091f84dde2bfa1e0b61213a93bc5ca,C:\Users\HP\Downloads\ZAP_2_17_0_windows (1).exe
ebdaf6f00ffd9c21891d29360196e13a14091f84dde2bfa1e0b61213a93bc5ca,C:\Users\HP\Downloads\ZAP_2_17_0_windows.exe
a9d200bc78d6952fe445e5455ea706392799606749f951b4a54b02415494c2b4,C:\Users\HP\Downloads\Haris Seo Tools 1\Extension Files\icons\128.png
a9d200bc78d6952fe445e5455ea706392799606749f951b4a54b02415494c2b4,C:\Users\HP\Downloads\Haris Seo Tools 2\ico128.png
a28ccf8a7b50522bdeea0cd83cdeca221c18fc1f9df3ee6b3d3c48d599206855,C:\Users\HP\Downloads\Haris Seo Tools 1\Extension Files\lib\jquery-v3.3.1.min.js
a28ccf8a7b50522bdeea0cd83cdeca221c18fc1f9df3ee6b3d3c48d599206855,C:\Users\HP\Downloads\Haris Seo Tools 2\lib\jquery-v3.3.1.min.js
