File,Age (Days)
C:\Users\HP\Downloads\Haris Seo Tools 1\Extension Files\codes\code-c.js,1303
C:\Users\HP\Downloads\Haris Seo Tools 1\Extension Files\codes\code-cre.js,1303
C:\Users\HP\Downloads\Haris Seo Tools 1\Extension Files\codes\code-env.js,1303
C:\Users\HP\Downloads\Haris Seo Tools 1\Extension Files\codes\code-gr.js,1303
C:\Users\HP\Downloads\Haris Seo Tools 1\Extension Files\codes\code-kw.js,1303
C:\Users\HP\Downloads\Haris Seo Tools 1\Extension Files\codes\code-ld.js,1303
C:\Users\HP\Downloads\Haris Seo Tools 1\Extension Files\codes\code-mz.js,1303
C:\Users\HP\Downloads\Haris Seo Tools 1\Extension Files\codes\code-n.js,1303
C:\Users\HP\Downloads\Haris Seo Tools 1\Extension Files\codes\code-plc.js,1303
C:\Users\HP\Downloads\Haris Seo Tools 1\Extension Files\codes\code-pmo.js,1303
C:\Users\HP\Downloads\Haris Seo Tools 1\Extension Files\codes\code-pr.js,1303
C:\Users\HP\Downloads\Haris Seo Tools 1\Extension Files\codes\code-skl.js,1303
C:\Users\HP\Downloads\Haris Seo Tools 1\Extension Files\codes\code-sr.js,1303
C:\Users\HP\Downloads\Haris Seo Tools 1\Extension Files\codes\code-su.js,1303
C:\Users\HP\Downloads\Haris Seo Tools 1\Extension Files\codes\ee.js,1303
C:\Users\HP\Downloads\Haris Seo Tools 1\Extension Files\codes\et.js,1303
C:\Users\HP\Downloads\Haris Seo Tools 1\Extension Files\codes\ma.js,1303
C:\Users\HP\Downloads\Haris Seo Tools 1\Extension Files\codes\mo.js,1303
C:\Users\HP\Downloads\Haris Seo Tools 1\Extension Files\codes\sb.js,1303
C:\Users\HP\Downloads\Haris Seo Tools 1\Extension Files\codes\sr.js,1303
C:\Users\HP\Downloads\Haris Seo Tools 1\Extension Files\ext_bone\active.js,1303
C:\Users\HP\Downloads\Haris Seo Tools 1\Extension Files\ext_bone\alert.js,1303
C:\Users\HP\Downloads\Haris Seo Tools 1\Extension Files\ext_bone\authtoken.js,1303
C:\Users\HP\Downloads\Haris Seo Tools 1\Extension Files\ext_bone\inject_script.js,1303
C:\Users\HP\Downloads\Haris Seo Tools 1\Extension Files\ext_bone\jquery.js,1303
C:\Users\HP\Downloads\Haris Seo Tools 1\Extension Files\ext_bone\options.html,1303
C:\Users\HP\Downloads\Haris Seo Tools 1\Extension Files\ext_bone\script-wo.js,1303
C:\Users\HP\Downloads\Haris Seo Tools 1\Extension Files\lib\crypto-js.min.js,1303
C:\Users\HP\Downloads\Haris Seo Tools 1\Extension Files\lib\jquery-v3.3.1.min.js,1303
C:\Users\HP\Downloads\Haris Seo Tools 1\Extension Files\lib\underscore.min.js,1303
C:\Users\HP\Downloads\Haris Seo Tools 1\Extension Files\scripts\x46x45.js,1303
C:\Users\HP\Downloads\Haris Seo Tools 1\Extension Files\scripts\x46x46.js,1303
C:\Users\HP\Downloads\Haris Seo Tools 1\Extension Files\scripts\x46x47.js,1303
C:\Users\HP\Downloads\Haris Seo Tools 1\Extension Files\scripts\x46x48.js,1303
C:\Users\HP\Downloads\Haris Seo Tools 1\Extension Files\scripts\x46x49.js,1303
C:\Users\HP\Downloads\Haris Seo Tools 1\Extension Files\scripts\x46x50.js,1303
C:\Users\HP\Downloads\Haris Seo Tools 1\Extension Files\scripts\x46x51.js,1303
C:\Users\HP\Downloads\Haris Seo Tools 1\Extension Files\scripts\x46x52.js,1303
C:\Users\HP\Downloads\Haris Seo Tools 1\Extension Files\scripts\x46x53.js,1303
C:\Users\HP\Downloads\Haris Seo Tools 1\Extension Files\scripts\x46x54.js,1303
C:\Users\HP\Downloads\Haris Seo Tools 1\Extension Files\scripts\x46x55.js,1303
C:\Users\HP\Downloads\Haris Seo Tools 1\Extension Files\scripts\x46x56.js,1303
C:\Users\HP\Downloads\Haris Seo Tools 1\Extension Files\scripts\x46x57.js,1303
C:\Users\HP\Downloads\Haris Seo Tools 1\Extension Files\scripts\x46x58.js,1303
C:\Users\HP\Downloads\Haris Seo Tools 1\Extension Files\scripts\x46x59.js,1303
C:\Users\HP\Downloads\Haris Seo Tools 1\Extension Files\scripts\x46x60.js,1303
C:\Users\HP\Downloads\Haris Seo Tools 2\jquery.js,1303
C:\Users\HP\Downloads\Haris Seo Tools 2\js\5_4sa.js,1303
C:\Users\HP\Downloads\Haris Seo Tools 2\js\crypto-js.min.js,1303
C:\Users\HP\Downloads\Haris Seo Tools 2\lib\jquery-v3.3.1.min.js,1303
C:\Users\HP\Downloads\Haris Seo Tools 1\Extension Files\codes\hide_elements.js,768
C:\Users\HP\Downloads\Haris Seo Tools 1\Extension Files\scripts\46x61.js,559
C:\Users\HP\Downloads\Haris Seo Tools 1\Extension Files\scripts\46x62.js,559
C:\Users\HP\Downloads\Haris Seo Tools 1\Extension Files\scripts\46x65.js,559
C:\Users\HP\Downloads\Haris Seo Tools 1\Extension Files\scripts\46x66.js,559
C:\Users\HP\Downloads\Haris Seo Tools 1\Extension Files\scripts\46x68.js,559
C:\Users\HP\Downloads\Haris Seo Tools 1\Extension Files\scripts\46x69.js,559
C:\Users\HP\Downloads\Haris Seo Tools 1\Extension Files\scripts\46x83.js,559
C:\Users\HP\Downloads\Haris Seo Tools 1\Extension Files\scripts\46x86.js,559
C:\Users\HP\Downloads\Haris Seo Tools 1\Extension Files\scripts\46x88.js,559
C:\Users\HP\Downloads\Haris Seo Tools 1\Extension Files\scripts\47x52.js,559
C:\Users\HP\Downloads\Haris Seo Tools 1\Extension Files\scripts\47x61.js,559
C:\Users\HP\Downloads\Haris Seo Tools 1\Extension Files\scripts\47x62.js,559
C:\Users\HP\Downloads\Haris Seo Tools 1\Extension Files\scripts\47x82.js,559
C:\Users\HP\Downloads\Haris Seo Tools 1\Extension Files\scripts\47x87.js,559
C:\Users\HP\Downloads\Haris Seo Tools 1\manifest.json,558
C:\Users\HP\Downloads\Haris Seo Tools 1\Extension Files\ext_bone\background.js,558
C:\Users\HP\Downloads\Haris Seo Tools 1\Extension Files\ext_bone\cookies.js,558
C:\Users\HP\Downloads\Haris Seo Tools 1\Extension Files\ext_bone\lgcode.js,558
C:\Users\HP\Downloads\Haris Seo Tools 1\Extension Files\ext_bone\lgcode2.js,558
C:\Users\HP\Downloads\Haris Seo Tools 1\Extension Files\ext_bone\set.json,558
C:\Users\HP\Downloads\Haris Seo Tools 1\Extension Files\scripts\x46x44.js,558
C:\Users\HP\Downloads\Haris Seo Tools 2\background.js,558
C:\Users\HP\Downloads\Haris Seo Tools 2\lgcode2.js,558
C:\Users\HP\Downloads\Haris Seo Tools 2\manifest.json,558
C:\Users\HP\Downloads\Haris Seo Tools 2\js\4xd10.js,558
C:\Users\HP\Downloads\Haris Seo Tools 2\js\z_c3z.js,558
C:\Users\HP\Downloads\Haris Seo Tools 1\Extension Files\icons\128.png,557
C:\Users\HP\Downloads\Haris Seo Tools 2\ico128.png,557
C:\Users\HP\Downloads\Haris Seo Tools 1\Extension Files\scripts\46x89.js,534
C:\Users\HP\Downloads\Haris Seo Tools 2\js\cring-js.js,534
